"Time","Atmospheric","Diffraction","horizonAngle","distance"
335,400.8676799197257,49.0319280787254,0.03146966060501521,2.7003151215937235e6
334,385.0239968147638,49.011504984936835,0.08864428140826183,2.6939732996982727e6
333,369.67390913901926,48.99104411460976,0.14592523990994913,2.687634682563454e6
332,354.81092804788005,48.97054541217713,0.203313071067042,2.6812993005653103e6
331,340.4284851534767,48.95000882287212,0.2608083117999927,2.6749671843340346e6
330,326.5199313511562,48.929434292748304,0.3184115009709555,2.668638364756602e6
329,313.07853563046933,48.90882176870037,0.37612317936122946,2.662312872979432e6
328,300.0974838706305,48.88817119848505,0.43394388964756697,2.6559907404110865e6
327,287.56987762023493,48.86748253074252,0.4918741763776808,2.649671998724991e6
326,275.4887328612436,48.8467557150182,0.549914585944323,2.643356679862186e6
325,263.8469787569373,48.82599070178489,0.6080656665586875,2.637044816034117e6
324,252.63745638388122,48.80518744246536,0.6663279682223711,2.6307364397254437e6
323,241.85291744763106,48.78434588945532,0.7247020426985823,2.6244315836968906e6
322,231.48602298223454,48.763465996146834,0.7831884434817266,2.618130280988124e6
321,221.52934203324293,48.74254771695213,0.8417877257662256,2.611832564920663e6
320,211.97535032425895,48.7215910073279,0.9005004464138304,2.605538469100819e6
319,202.81642890683457,48.700595823799915,0.9593271639198446,2.5992480274226763e6
318,194.04486279366336,48.67956212398824,1.0182684383779625,2.592961274071093e6
317,185.65283957494387,48.6584898666328,1.077324831443849,2.5866782435247498e6
316,177.63244801783495,48.6373790116194,1.1364969062973511,2.580398970559218e6
315,169.97567664891517,48.61622952000634,1.1957852276033,2.574123490250075e6
314,162.67441231955678,48.595041354051325,1.2551903614709206,2.5678518379760403e6
313,155.7204387541329,48.57381447723897,1.3147128754118595,2.5615840494221607e6
312,149.10543508102526,48.55254885430881,1.3743533382964601,2.5553201605830183e6
311,142.8209743462878,48.53124445128374,1.4341123203089177,2.54906020776598e6
310,136.858522010007,48.50990123549905,1.4939903929004124,2.542804227594483e6
309,131.2094344252062,48.48851917563182,1.5539881287410733,2.536552257011352e6
308,125.86495729933583,48.467098241731115,1.6141061016699179,2.5303043332821587e6
307,120.81622413824341,48.445638405248374,1.6743448866433788,2.5240604939986127e6
306,116.05425467263841,48.42413963906861,1.7347050596819138,2.517820777081994e6
305,111.56995326699868,48.402601917542086,1.7951871978149863,2.511585220786618e6
304,107.35410731092871,48.381025216516456,1.8557918790240893,2.505353863703346e6
303,103.39738559293762,48.359409513369584,1.9165196821841204,2.499126744763123e6
302,99.69033665667557,48.337754787042954,1.9773711870025916,2.492903903240567e6
301,96.22338713961085,48.316061018075516,2.03834697395707,2.4866853787575834e6
300,92.98684009418986,48.294328188638374,2.09944762423056,2.4804712112870323e6
299,89.97087329151032,48.27255628256984,2.160673719644856,2.4742614411564246e6
298,87.16553750755979,48.25074528541123,2.2220258425917017,2.468056109051665e6
297,84.56075479206123,48.2288951844433,2.2835045759620805,2.461855256020831e6
296,82.14631672002996,48.20700596872325,2.3451105030728647,2.4556589234779957e6
295,79.91188262608544,48.185077629122446,2.406844207591679,2.4494671532070907e6
294,77.84697782165426,48.1631101583647,2.4687062734590235,2.4432799873658093e6
293,75.94099179514302,48.14110355106537,2.530697284808458,2.4370974684895542e6
292,74.18317639523649,48.11905780377094,2.592817825884036,2.430919639495424e6
291,72.56264399744518,48.0969729149995,2.655068480955436,2.424746543686246e6
290,71.06836565406938,48.07484888528175,2.717449834230508,2.4185782247546474e6
289,69.68916922775611,48.05268571720284,2.7799624697651173,2.4124147267871737e6
288,68.41373750883052,48.03048341544483,2.8426069713707527,2.4062560942684505e6
287,67.23060631663925,48.008241986829965,2.9053839225187166,2.400102372085388e6
286,66.12816258510551,47.98596144036465,2.9682939062422316,2.3939536055314275e6
285,64.88936342910763,47.96364178728417,3.031337505035346,2.3878098403108376e6
284,63.50392627609598,47.94128304109823,3.0945153007487893,2.381671122543053e6
283,62.17744882661596,47.91888521763724,3.1578278744832744,2.3755374987670556e6
282,60.90781145439386,47.89644833509933,3.2212758064795044,2.369409015945811e6
281,59.69286546165285,47.87397241409833,3.2848596760048663,2.3632857214707364e6
280,58.530432686510906,47.851457477712344,3.3485800612373526,2.3571676631662296e6
279,57.418305107155035,47.82890355153339,3.412437539145971,2.3510548892942355e6
278,56.354244442847765,47.806310663717646,3.476432685367733,2.3449474485588605e6
277,55.33598175182544,47.78367884503675,3.540566074081488,2.3388453901110403e6
276,54.36121702616694,47.76100812892981,3.6048382778780463,2.332748763553249e6
275,53.42761878370187,47.73829855155639,3.6692498676268652,2.326657618944259e6
274,52.532823657043934,47.71555015185033,3.73380141233891,2.320572006803949e6
273,51.674435979829425,47.692762971574496,3.798493479026033,2.3144919781181593e6
272,50.850027370260754,47.66993705537642,3.863326632556249,2.3084175843435996e6
271,50.057136312045536,47.64707245084494,3.9283014355053805,2.3023488774128025e6
270,49.29326773284277,47.62416920856765,3.993418448004452,2.2962859097391292e6
269,48.49198742233639,47.601227382189435,4.058678227583227,2.290228734221819e6
268,47.70893401468864,47.578247028471935,4.124081329009385,2.284177404251101e6
267,46.95055225597592,47.55522820735389,4.1896283041236115,2.278131973713342e6
266,46.21608378820363,47.532170982012694,4.255319701670095,2.272092496996257e6
265,45.50475928151243,47.50907541892677,4.321156067122824,2.266059028994161e6
264,44.815798289539195,47.48594158793903,4.387137942507195,2.2600316251132805e6
263,44.1484091039604,47.46276956232138,4.453265866216913,2.254010341277108e6
262,43.501788608258494,47.439559418840304,4.519540372826315,2.247995233931816e6
261,42.87512213076168,47.41631123782345,4.585961992897602,2.2419863600517153e6
260,42.26758329700111,47.39302510322738,4.652531252783322,2.235983777144773e6
259,41.67833388143962,47.3697011027063,4.719248674423745,2.229987543258175e6
258,41.10652365862733,47.34633932768204,4.786114775138872,2.223997716983947e6
257,40.551290253838225,47.322939873415,4.853130067415348,2.218014357464623e6
256,40.011758993249686,47.29950283907641,4.9202950586879926,2.2120375243989727e6
255,39.4870427537299,47.27602832782159,4.98761025111568,2.2060672780477726e6
254,38.95909720125671,47.252516446864455,5.055076141351605,2.2001036792396414e6
253,38.440711101142156,47.22896730755319,5.122693220307884,2.1941467893769145e6
252,37.93541115828894,47.20538102544711,5.190461972914263,2.188196670441586e6
251,37.442850948363045,47.181757720394764,5.2583828778708,2.182253385001295e6
250,36.96267878806644,47.158097516613196,5.326456407394383,2.176316996215365e6
249,36.494537668650935,47.134400542768574,5.394683026959127,2.1703875678409026e6
248,36.03806518929969,47.11066693205788,5.463063195030214,2.1644651642389405e6
247,35.592893490406425,47.086896822292076,5.531597362791569,2.1585498503806423e6
246,35.158649186792815,47.063090355980435,5.600285973866363,2.1526416918535563e6
245,34.73495330089281,47.039247680416196,5.669129464031447,2.1467407548679216e6
244,34.32142119595211,47.015368947763534,5.738128260924049,2.1408471062630294e6
243,33.91766250927304,46.99145431514587,5.807282783742211,2.134960813513636e6
242,33.523281085554935,46.96750394473554,5.876593442937573,2.1290819447364295e6
241,33.137874910370364,46.94351800384477,5.946060639901001,2.123210568696548e6
240,32.759199958441016,46.91949666501807,6.01568476664055,2.117346754814152e6
239,32.38241637148374,46.895440106126,6.0854662054522155,2.111490573171046e6
238,32.01364142552312,46.87134851046032,6.155405328582392,2.105642094517355e6
237,31.65269211818165,46.84722206683061,6.225502497882898,2.0998013902782532e6
236,31.299382545394117,46.82306096966222,6.295758064457542,2.09396853256074e6
235,30.953523866962982,46.79886541909582,6.3661723683008296,2.088143594160473e6
234,30.614924272223845,46.77463562108821,6.436745737927953,2.0823266485686472e6
233,30.283388945844994,46.75037178751474,6.507478489996406,2.0765177699789235e6
232,29.95872003378921,46.7260741362732,6.578370928919047,2.0707170332944163e6
231,29.64071660946915,46.701742891389145,6.649423346467934,2.0649245141347167e6
230,29.32917464012326,46.67737828312277,6.7206360213695415,2.0591402888429754e6
229,29.023886953447064,46.65298054807728,6.792009218890488,2.0533644344930314e6
228,28.72464320451062,46.62854992930885,6.863543190414132,2.047597028896586e6
227,28.43122984299853,46.60408667643807,6.935238173007423,2.041838150610424e6
226,28.14306089540865,46.57959104576293,7.007094388978339,2.0360878789436868e6
225,27.856932503536253,46.55506330037348,7.079112045423173,2.030346293965183e6
224,27.57609458105038,46.530503710267936,7.151291333764104,2.024613476510754e6
223,27.300439107880038,46.505912552470434,7.2236324292761545,2.0188895081906712e6
222,27.02985629053706,46.48129011115042,7.296135490604238,2.0131744713970884e6
221,26.76423454324331,46.45663667774359,7.368800659269314,2.0074684493115298e6
220,26.503460469278604,46.43195255107443,7.441628059163729,2.0017715259124208e6
219,26.24741884256982,46.40723803748046,7.514617796036218,1.9960837859826596e6
218,25.995992589549825,46.38249345093804,7.58776995696504,1.9904053151172274e6
217,25.749062771305812,46.35771911318984,7.661084609820445,1.9847361997308396e6
216,25.50650856604601,46.332915353873965,7.734561802715385,1.979076527065627e6
215,25.268207251910322,46.308082510654685,7.808201563444572,1.9734263851988607e6
214,25.034034190151296,46.283220929354925,7.8820038989121,1.9677858630507048e6
213,24.80386280871732,46.258330964090284,7.955968794546469,1.9621550503920058e6
212,24.576782265865614,46.2334129774048,8.030096213703988,1.9565340378521127e6
211,24.352322759811937,46.20846734040838,8.104386097059383,1.9509229169267255e6
210,24.13155957389584,46.18349443291591,8.178838361984232,1.9453217799857706e6
209,23.914423476759367,46.158494643587915,8.253452901912326,1.9397307202813078e6
208,23.70084407483827,46.13346837007312,8.32822958569255,1.934149831955458e6
207,23.490749802160966,46.10841601915246,8.40316825692816,1.9285792100483517e6
206,23.284067910429208,46.08333800688487,8.47826873330319,1.9230189505061053e6
205,23.080724459402212,46.058234758754736,8.553530805895306,1.9174691501888083e6
204,22.880644307604936,46.03310670982097,8.628954238474993,1.9119299068785333e6
203,22.68375110338199,46.00795430486777,8.704538766790984,1.9064013192873562e6
202,22.489967276319828,45.98277799855705,8.780284097841697,1.9008834870653918e6
201,22.299214029059854,45.95757825558245,8.856189909132729,1.895376510808837e6
200,22.111411329528256,45.93235555082502,8.93225584791952,1.889880492068021e6
199,21.926357529353435,45.9071103695106,9.008481530436237,1.884395533355465e6
198,21.743135347528877,45.88184320736863,9.084866541109557,1.8789217381539356e6
197,21.562656228109578,45.85655457079274,9.16141043175778,1.8734592109245034e6
196,21.38487371224908,45.83124497700284,9.238112720774982,1.8680080571145983e6
195,21.209740549188837,45.8059149542088,9.314972892300107,1.862568383166054e6
194,21.03720869116443,45.78056504177566,9.39199039537083,1.8571402965231442e6
193,20.86722928861733,45.75519579039033,9.469164643061847,1.8517239056406082e6
192,20.699752685728388,45.72980776223001,9.546495011608041,1.8463193199916563e6
191,20.534728416293504,45.70440153113174,9.623980839511411,1.840926650075958e6
190,20.372105199957886,45.67897768276374,9.701621426632721,1.8355460074276037e6
189,20.211830938829827,45.65353681479802,9.77941603326699,1.8301775046230424e6
188,20.053852714493026,45.628079537084396,9.85736387920315,1.824821255288986e6
187,19.89811678543893,45.602606471825936,9.935464142767295,1.819477374110277e6
186,19.744455031608183,45.577118253755685,10.013715959849835,1.8141459768377214e6
185,19.592396407687158,45.55161553031475,10.092118422916666,1.8088271802958725e6
184,19.442440898484094,45.52609896183157,10.170670580003378,1.8035211023907699e6
183,19.294555772072734,45.50056922170253,10.249371433693504,1.7982278621176255e6
182,19.148707739832137,45.47502699657356,10.328219940079862,1.7929475795684487e6
181,19.004862954730424,45.4494729865231,10.4072150077097,1.7876803759396153e6
180,18.862987009926833,45.42390790524594,10.4863554965129,1.7824263735393637e6
179,18.723044937706256,45.398332480238246,10.565640216713813,1.777185695795221e6
178,18.585001208763053,45.37274745298341,10.645067927726252,1.7719584672613482e6
177,18.44881973184967,45.347153579139004,10.72463733703199,1.7667448136258074e6
176,18.314463853807002,45.32155162872439,10.804347099042603,1.7615448617177354e6
175,18.181896359993875,45.29594238630929,10.884195813944471,1.756358739514421e6
174,18.05107947513183,45.270326651202964,10.96418202652771,1.7511865761482876e6
173,17.921749679057378,45.24470523764411,11.044304224998172,1.7460285019137613e6
172,17.793919126540537,45.21907897499132,11.124560839773181,1.740884648274029e6
171,17.66774643293109,45.19344870791401,11.20495024226104,1.7357551478676777e6
170,17.5432076399518,45.167815296583875,11.285470743624076,1.7306401345152014e6
169,17.420278392474252,45.1421796168665,11.36612059352602,1.7255397432253798e6
168,17.298933939205504,45.1165425605134,11.446897978862951,1.7204541102015113e6
167,17.179149133696075,45.09090503535411,11.527801022479059,1.7153833728475012e6
166,17.060898435684017,45.06526796548832,11.60882778186642,1.7103276697737898e6
165,16.944155912787345,45.03963229147806,11.689976247849742,1.7052871408031222e6
164,16.82889524255929,45.01399897053959,11.771244343255754,1.7002619269761408e6
163,16.71508971491924,44.98836897673521,11.852629921568177,1.6952521705568004e6
162,16.60271223497434,44.962743301164494,11.934130765567962,1.6902580150375953e6
161,16.491683755882427,44.937122952155164,12.015744585959267,1.6852796051445904e6
160,16.38181483546872,44.91150895545336,12.097469019981979,1.680317086842245e6
159,16.273302880027998,44.88590235441299,12.179301630010343,1.675370607338022e6
158,16.166130143029037,44.86030421018447,12.261239902139035,1.6704403150867755e6
157,16.060278594534115,44.83471560190213,12.343281244756469,1.6655263597949033e6
156,15.9557299233624,44.809137626870815,12.425422987105954,1.66062889242426e6
155,15.852465539559661,44.783571400750795,12.507662377835398,1.6557480651958103e6
154,15.750466577184856,44.75801805774152,12.589996583536092,1.6508840315930292e6
153,15.649713897424325,44.732478750763576,12.672422687270958,1.6460369463650228e6
152,15.550188092044207,44.70695465163893,12.754937687092928,1.641206965529366e6
151,15.451869487191168,44.68144695126917,12.837538494554542,1.6363942463746518e6
150,15.354738147552823,44.65595685981168,12.920221933208895,1.631598947462729e6
149,15.2587673622705,44.6304856068534,13.002984737102802,1.6268212286306266e6
148,15.163770184632126,44.60503444158214,13.0858235492635,1.6220612509921507e6
147,15.069906517335056,44.579604632955295,13.16873492017901,1.617319176939145e6
146,14.977162933505284,44.554197469865436,13.251715306273603,1.6125951701423936e6
145,14.88552580627667,44.52881426130305,13.3347610683787,1.6078893955521688e6
144,14.794981312005959,44.50345633651579,13.417868470201086,1.6032020193983985e6
143,14.70551543377178,44.478125045164305,13.501033676788468,1.5985332091904497e6
142,14.617113965164211,44.452821757474304,13.584252752994347,1.5938831337165076e6
141,14.529762514373399,44.42754786438462,13.667521661942372,1.5892519630425475e6
140,14.443446508583236,44.402304777691064,13.750836263492644,1.5846398685108765e6
139,14.358151198678897,44.377093930185865,13.834192312709757,1.580047022738237e6
138,14.273861664273882,44.35191677579239,13.9175854583352,1.5754735996134588e6
137,14.190561302455706,44.32677478969491,14.001011241264468,1.5709197742946441e6
136,14.108113643638603,44.301669468463146,14.084465093031088,1.5663857232058726e6
135,14.026631288111533,44.27660233017143,14.167942334298255,1.5618716240334145e6
134,13.94610393428648,44.25157491451192,14.251438173360219,1.5573776557214307e6
133,13.866521144171958,44.226588782902056,14.334947704655105,1.5529039984671576e6
132,13.787872347294615,44.201645518585494,14.418465907289937,1.548450833715551e6
131,13.710146844871042,44.17674672672656,14.50198764358077,1.5440183441533784e6
130,13.633333814235103,44.15189403449774,14.585507657608769,1.5396067137027453e6
129,13.557422313524313,44.12708909116007,14.669020573794636,1.5352161275140462e6
128,13.482401286629319,44.10233356813595,14.752520895493184,1.5308467719583116e6
127,13.408259568410259,44.077629159074135,14.836003003609765,1.5264988346189505e6
126,13.334985890182827,44.05297757990674,14.919461155241162,1.5221725042828633e6
125,13.262565819082957,44.028380568897575,15.002889482342393,1.5178679709309174e6
124,13.190906212260655,44.003839886681924,15.086281990422206,1.5135854257277623e6
123,13.120084138397376,43.97935731629702,15.169632557269164,1.5093250610109742e6
122,13.050091658937175,43.95493466320321,15.252934931710831,1.5050870702795165e6
121,12.980920748416933,43.9305737552953,15.33618273240834,1.5008716481814953e6
120,12.912563298755217,43.90627644290369,15.419369446688659,1.496678990501195e6
119,12.845011123747208,43.8820445987851,15.502488429417737,1.4925092941453846e6
118,12.778255963767528,43.85788011810249,15.585532901916114,1.4883627571288757e6
117,12.712289490680817,43.833784918393626,15.668495950920583,1.4842395785593104e6
116,12.64710331296087,43.809760939528246,15.751370527593961,1.4801399586211778e6
115,12.582688981017773,43.785810143653265,15.834149446586292,1.4760640985590313e6
114,12.519037992732688,43.76193451512562,15.916825385150092,1.4720122006598995e6
113,12.456141799199662,43.73813606043256,15.99939088231209,1.4679844682348678e6
112,12.3939297360124,43.71441680809886,16.08183833810585,1.4639811055998309e6
111,12.332457425354693,43.690778808580646,16.16416001286618,1.4600023180553785e6
110,12.27171922306086,43.66722413414544,16.24634802659063,1.4560483118658243e6
109,12.211708971347647,43.64375487873816,16.328394358369792,1.4521192942373485e6
108,12.152420468272007,43.6203731578324,16.41029084588985,1.4482154732952423e6
107,12.093847472207088,43.59708110826715,16.492029185011305,1.4443370580602472e6
106,12.035983706467915,43.57388088806795,16.573600929426,1.4404842584239661e6
105,11.978822864083032,43.550774676252686,16.65499749039731,1.4366572851233461e6
104,11.922358612710179,43.5277646726212,16.73621013658519,1.4328563497142047e6
103,11.866584599691516,43.50485309752874,16.8172299939609,1.4290816645437998e6
102,11.811494457244937,43.482042191642606,16.89804804581411,1.4253334427224293e6
101,11.757081807786955,43.459334215681764,16.978655132855938,1.4216118980940396e6
100,11.703306999590598,43.43673145013912,17.059041953421758,1.4179172452058492e6
99,11.650186274235645,43.414236194985975,17.13919906377677,1.4142496992769588e6
98,11.597727055640371,43.391850769358484,17.219116878528503,1.4106094761659554e6
97,11.54592468363074,43.36957751122568,17.298785671148913,1.406996792337483e6
96,11.494774482234511,43.34741877703876,17.378195574610817,1.4034118648277917e6
95,11.44427176378317,43.32537694136144,17.457336582140773,1.39985491120924e6
94,11.394411833098081,43.30345439648086,17.536198548093125,1.3963261495537534e6
93,11.345189991756103,43.281653551998936,17.614771188948,1.3928257983952253e6
92,11.29660154242883,43.259976834403844,17.6930440844371,1.3893540766908687e6
91,11.248641793289735,43.23842668662132,17.771006678800333,1.3859112037814942e6
90,11.201306062482532,43.217005567545534,17.84864828217718,1.3824973993507246e6
89,11.15458968264433,43.19571595154943,17.92595807213566,1.3791128833831437e6
88,11.108486770249872,43.174560327974014,18.00292509534237,1.3757578761213634e6
87,11.062963030668815,43.15354120059677,18.079538269376915,1.3724325980220255e6
86,11.01804609862847,43.132661087078716,18.155786384693556,1.3691372697107259e6
85,10.973732513145526,43.1119225183901,18.23165810673377,1.365872111935868e6
84,10.930018816651069,43.09132803821447,18.307141978191495,1.3626373455214452e6
83,10.886901558427885,43.07088020233109,18.382226421435117,1.3594331913187546e6
82,10.844377298069961,43.05058157797557,18.456899741088264,1.3562598701570511e6
81,10.802442608957637,43.03043474317859,18.531150126772193,1.3531176027931413e6
80,10.761094081741938,43.01044228608266,18.604965656011913,1.3500066098599276e6
79,10.720328327830837,42.99060680423695,18.67833429730894,1.3469271118139108e6
78,10.680141982870598,42.970930903870126,18.751243913382343,1.3438793288816593e6
77,10.640531710215024,42.95141719914115,18.823682264579844,1.340863481005255e6
76,10.601494204374527,42.932068311368255,18.895637012461716,1.33787978778673e6
75,10.563026194438104,42.91288686823596,18.96709572355778,1.3349284684315054e6
74,10.525112202086266,42.893875502980435,19.038045873300078,1.3320097416908494e6
73,10.487751219095168,42.87503685355315,19.108474850131284,1.3291238258033681e6
72,10.450951356574388,42.85637356176317,19.178369959790917,1.3262709384355524e6
71,10.414710148052439,42.837888272398104,19.247718429778747,1.3234512966213906e6
70,10.3790251464149,42.81958363232404,19.316507413997208,1.32066511670108e6
69,10.343893926432076,42.801462289564725,19.384723997571747,1.3179126142588463e6
68,10.309314087247476,42.783526892360314,19.45235520184986,1.3151940040599094e6
67,10.27528325482128,42.76578008820592,19.519387989578004,1.3125094999866097e6
66,10.241799084322812,42.74822452287032,19.585809270255698,1.3098593149737243e6
65,10.208859262465916,42.73086283939553,19.65160590566594,1.3072436609430097e6
64,10.176461509781186,42.713697677077135,19.716764715580847,1.3046627487369888e6
63,10.144603582819599,42.69673167042644,19.781272483640013,1.3021167880520262e6
62,10.11328327628113,42.679967448114525,19.845115963400733,1.2996059873707164e6
61,10.082498425063083,42.663407631898956,19.908281884556978,1.2971305538936278e6
60,10.052246906222475,42.64705483553372,19.97075695932458,1.294690693470431e6
59,10.022518578009114,42.63091166366301,20.03252788898982,1.2922866105304589e6
58,9.993312578171324,42.614980710699406,20.093581370617958,1.2899185080127309e6
57,9.964634500782928,42.5992645596875,20.15390410391759,1.2875865872954905e6
56,9.936482714616997,42.58376578115321,20.213482798256926,1.2852910481252896e6
55,9.908855614710507,42.56848693194003,20.27230417982776,1.2830320885456784e6
54,9.881751623780286,42.553430554032786,20.33035499895148,1.2808099048255295e6
53,9.85516919356627,42.538599173369754,20.387622037522544,1.278624691387064e6
52,9.829106806099206,42.52399529864425,20.44409211658306,1.2764766407336106e6
51,9.803562974889674,42.50962142009631,20.49975210402289,1.2743659433771602e6
50,9.778536246035744,42.49548000829573,20.55458892239877,1.2722927877657644e6
49,9.754025199247105,42.48157351291723,20.60858955686503,1.2702573602108343e6
48,9.730028448783173,42.467904361508985,20.661741063209384,1.2682598448143827e6
47,9.706544644303593,42.45447495825544,20.71403057598564,1.266300423396288e6
46,9.683572471629343,42.441287682735584,20.76544531673572,1.2643792754216113e6
45,9.661110653413456,42.42834488867784,20.815972602292163,1.2624965779280465e6
44,9.639157949720172,42.41564890271267,20.8655998531529,1.2606525054535498e6
43,9.617713158512158,42.40320202312414,20.91431460191877,1.2588472299642111e6
42,9.596775116045333,42.391006518601664,20.962104501784825,1.2570809207824382e6
41,9.576340942009658,42.37906462699322,21.00895733507512,1.2553537445155003e6
40,9.556404097197433,42.36737855406108,21.05486102181136,1.253665864984503e6
39,9.536971060797555,42.355950472241744,21.099803628305082,1.2520174431538647e6
38,9.518040921543584,42.34478251941101,21.143773375762393,1.250408637061338e6
37,9.499612793566115,42.33387679765575,21.186758648890635,1.2488396017486674e6
36,9.481685816747458,42.3232353720536,21.22874800449575,1.2473104891929256e6
35,9.464259157016258,42.312860269462014,21.269730180059003,1.245821448238603e6
34,9.447332006583236,42.30275347731805,21.309694102281426,1.2443726245305226e6
33,9.430903584119324,42.29291694245014,21.348628895584437,1.242964160447632e6
32,9.414973134878029,42.28335256990344,21.386523890554148,1.2415961950377473e6
31,9.399539930763494,42.274062221779964,21.423368632318276,1.240268863953317e6
30,9.38460327034674,42.265047716094976,21.459152888842393,1.2389822993882566e6
29,9.370162478832036,42.25631082565105,21.493866659134213,1.2377366300159413e6
28,9.356216907976144,42.247853276931124,21.527500181342788,1.2365319809283963e6
27,9.34276593596275,42.23967674901198,21.560043940741433,1.235368473576773e6
26,9.329808967235511,42.231782872499465,21.591488677580468,1.2342462257131531e6
25,9.31734543229222,42.22417322848689,21.621825394798833,1.2331653513337586e6
24,9.305374787443395,42.21684934753785,21.651045365582068,1.2321259606236203e6
23,9.293896514538877,42.20981270869487,21.679140140753773,1.23112815990277e6
22,9.28291012066545,42.20306473851514,21.706101555989584,1.2301720515740125e6
21,9.272415137819284,42.196606810134625,21.731921738841095,1.2292577340723427e6
20,9.26241112255675,42.19044024236186,21.756593115558196,1.2283853018160476e6
19,9.252897655627146,42.18456629880247,21.78010841769865,1.2275548451595749e6
18,9.2438743415911,42.1789861870159,21.802460688513463,1.226766450348197e6
17,9.235340808428507,42.17370105770521,21.82364328909689,1.226020199474534e6
16,9.227296707139354,42.16871200394128,21.84364990429113,1.2253161704369914e6
15,9.219741711341472,42.16402006042244,21.86247454833469,1.224654436900146e6
14,9.212675516868542,42.15962620277036,21.880111570245152,1.2240350682571395e6
13,9.206097841372275,42.15553134686367,21.896555658925976,1.223458129594117e6
12,9.200008423931681,42.151736348209674,21.911801847989576,1.2229236816567583e6
11,9.194407024673396,42.14824200135553,21.925845520286536,1.2224317808189336e6
10,9.189293424405903,42.14504903933941,21.938682412133716,1.2219824790535285e6
9,9.184667424270735,42.142158133182704,21.950308617233606,1.2215758239054712e6
8,9.180528845413715,42.13956989142376,21.96072059027732,1.2212118584669924e6
7,9.17687752867889,42.13728485969396,21.96991515022485,1.2208906213551508e6
6,9.173713334327626,42.13530352033678,21.977889483256607,1.2206121466916467e6
5,9.171036141785132,42.13362629207026,21.984641145390835,1.2203764640849563e6
4,9.168845849416467,42.132253529693585,21.990168064762102,1.2201835986148021e6
3,9.167142374334052,42.13118552383794,21.994468543556067,1.2200335708189772e6
2,9.165925652237876,42.13042250076225,21.997541259597817,1.2199263966825467e6
1,9.165195637289907,42.12996462219394,21.999385267590217,1.219862087629433e6
0,9.16495230202372,42.12981198521507,21.99999999999999,1.2198406505163987e6
-1,9.165195637289907,42.12996462219394,21.999385267590217,1.219862087629433e6
-2,9.165925652237876,42.13042250076225,21.997541259597817,1.2199263966825467e6
-3,9.167142374334052,42.13118552383794,21.994468543556067,1.2200335708189772e6
-4,9.168845849416467,42.132253529693585,21.990168064762102,1.2201835986148021e6
-5,9.171036141785132,42.13362629207026,21.984641145390835,1.2203764640849563e6
-6,9.173713334327626,42.13530352033678,21.977889483256607,1.2206121466916467e6
-7,9.17687752867889,42.13728485969396,21.96991515022485,1.2208906213551508e6
-8,9.180528845413715,42.13956989142376,21.96072059027732,1.2212118584669924e6
-9,9.184667424270735,42.142158133182704,21.950308617233606,1.2215758239054712e6
-10,9.189293424405903,42.14504903933941,21.938682412133716,1.2219824790535285e6
-11,9.194407024673396,42.14824200135553,21.925845520286536,1.2224317808189336e6
-12,9.200008423931681,42.151736348209674,21.911801847989576,1.2229236816567583e6
-13,9.206097841372275,42.15553134686367,21.896555658925976,1.223458129594117e6
-14,9.212675516868542,42.15962620277036,21.880111570245152,1.2240350682571395e6
-15,9.219741711341472,42.16402006042244,21.86247454833469,1.224654436900146e6
-16,9.227296707139354,42.16871200394128,21.84364990429113,1.2253161704369914e6
-17,9.235340808428507,42.17370105770521,21.82364328909689,1.226020199474534e6
-18,9.2438743415911,42.1789861870159,21.802460688513463,1.226766450348197e6
-19,9.252897655627146,42.18456629880247,21.78010841769865,1.2275548451595749e6
-20,9.26241112255675,42.19044024236186,21.756593115558196,1.2283853018160476e6
-21,9.272415137819284,42.196606810134625,21.731921738841095,1.2292577340723427e6
-22,9.28291012066545,42.20306473851514,21.706101555989584,1.2301720515740125e6
-23,9.293896514538877,42.20981270869487,21.679140140753773,1.23112815990277e6
-24,9.305374787443395,42.21684934753785,21.651045365582068,1.2321259606236203e6
-25,9.31734543229222,42.22417322848689,21.621825394798833,1.2331653513337586e6
-26,9.329808967235511,42.231782872499465,21.591488677580468,1.2342462257131531e6
-27,9.34276593596275,42.23967674901198,21.560043940741433,1.235368473576773e6
-28,9.356216907976144,42.247853276931124,21.527500181342788,1.2365319809283963e6
-29,9.370162478832036,42.25631082565105,21.493866659134213,1.2377366300159413e6
-30,9.38460327034674,42.265047716094976,21.459152888842393,1.2389822993882566e6
-31,9.399539930763494,42.274062221779964,21.423368632318276,1.240268863953317e6
-32,9.414973134878029,42.28335256990344,21.386523890554148,1.2415961950377473e6
-33,9.430903584119324,42.29291694245014,21.348628895584437,1.242964160447632e6
-34,9.447332006583236,42.30275347731805,21.309694102281426,1.2443726245305226e6
-35,9.464259157016258,42.312860269462014,21.269730180059003,1.245821448238603e6
-36,9.481685816747458,42.3232353720536,21.22874800449575,1.2473104891929256e6
-37,9.499612793566115,42.33387679765575,21.186758648890635,1.2488396017486674e6
-38,9.518040921543584,42.34478251941101,21.143773375762393,1.250408637061338e6
-39,9.536971060797555,42.355950472241744,21.099803628305082,1.2520174431538647e6
-40,9.556404097197433,42.36737855406108,21.05486102181136,1.253665864984503e6
-41,9.576340942009658,42.37906462699322,21.00895733507512,1.2553537445155003e6
-42,9.596775116045333,42.391006518601664,20.962104501784825,1.2570809207824382e6
-43,9.617713158512158,42.40320202312414,20.91431460191877,1.2588472299642111e6
-44,9.639157949720172,42.41564890271267,20.8655998531529,1.2606525054535498e6
-45,9.661110653413456,42.42834488867784,20.815972602292163,1.2624965779280465e6
-46,9.683572471629343,42.441287682735584,20.76544531673572,1.2643792754216113e6
-47,9.706544644303593,42.45447495825544,20.71403057598564,1.266300423396288e6
-48,9.730028448783173,42.467904361508985,20.661741063209384,1.2682598448143827e6
-49,9.754025199247105,42.48157351291723,20.60858955686503,1.2702573602108343e6
-50,9.778536246035744,42.49548000829573,20.55458892239877,1.2722927877657644e6
-51,9.803562974889674,42.50962142009631,20.49975210402289,1.2743659433771602e6
-52,9.829106806099206,42.52399529864425,20.44409211658306,1.2764766407336106e6
-53,9.85516919356627,42.538599173369754,20.387622037522544,1.278624691387064e6
-54,9.881751623780286,42.553430554032786,20.33035499895148,1.2808099048255295e6
-55,9.908855614710507,42.56848693194003,20.27230417982776,1.2830320885456784e6
-56,9.936482714616997,42.58376578115321,20.213482798256926,1.2852910481252896e6
-57,9.964634500782928,42.5992645596875,20.15390410391759,1.2875865872954905e6
-58,9.993312578171324,42.614980710699406,20.093581370617958,1.2899185080127309e6
-59,10.022518578009114,42.63091166366301,20.03252788898982,1.2922866105304589e6
-60,10.052246906222475,42.64705483553372,19.97075695932458,1.294690693470431e6
-61,10.082498425063083,42.663407631898956,19.908281884556978,1.2971305538936278e6
-62,10.11328327628113,42.679967448114525,19.845115963400733,1.2996059873707164e6
-63,10.144603582819599,42.69673167042644,19.781272483640013,1.3021167880520262e6
-64,10.176461509781186,42.713697677077135,19.716764715580847,1.3046627487369888e6
-65,10.208859262465916,42.73086283939553,19.65160590566594,1.3072436609430097e6
-66,10.241799084322812,42.74822452287032,19.585809270255698,1.3098593149737243e6
-67,10.27528325482128,42.76578008820592,19.519387989578004,1.3125094999866097e6
-68,10.309314087247476,42.783526892360314,19.45235520184986,1.3151940040599094e6
-69,10.343893926432076,42.801462289564725,19.384723997571747,1.3179126142588463e6
-70,10.3790251464149,42.81958363232404,19.316507413997208,1.32066511670108e6
-71,10.414710148052439,42.837888272398104,19.247718429778747,1.3234512966213906e6
-72,10.450951356574388,42.85637356176317,19.178369959790917,1.3262709384355524e6
-73,10.487751219095168,42.87503685355315,19.108474850131284,1.3291238258033681e6
-74,10.525112202086266,42.893875502980435,19.038045873300078,1.3320097416908494e6
-75,10.563026194438104,42.91288686823596,18.96709572355778,1.3349284684315054e6
-76,10.601494204374527,42.932068311368255,18.895637012461716,1.33787978778673e6
-77,10.640531710215024,42.95141719914115,18.823682264579844,1.340863481005255e6
-78,10.680141982870598,42.970930903870126,18.751243913382343,1.3438793288816593e6
-79,10.720328327830837,42.99060680423695,18.67833429730894,1.3469271118139108e6
-80,10.761094081741938,43.01044228608266,18.604965656011913,1.3500066098599276e6
-81,10.802442608957637,43.03043474317859,18.531150126772193,1.3531176027931413e6
-82,10.844377298069961,43.05058157797557,18.456899741088264,1.3562598701570511e6
-83,10.886901558427885,43.07088020233109,18.382226421435117,1.3594331913187546e6
-84,10.930018816651069,43.09132803821447,18.307141978191495,1.3626373455214452e6
-85,10.973732513145526,43.1119225183901,18.23165810673377,1.365872111935868e6
-86,11.01804609862847,43.132661087078716,18.155786384693556,1.3691372697107259e6
-87,11.062963030668815,43.15354120059677,18.079538269376915,1.3724325980220255e6
-88,11.108486770249872,43.174560327974014,18.00292509534237,1.3757578761213634e6
-89,11.15458968264433,43.19571595154943,17.92595807213566,1.3791128833831437e6
-90,11.201306062482532,43.217005567545534,17.84864828217718,1.3824973993507246e6
-91,11.248641793289735,43.23842668662132,17.771006678800333,1.3859112037814942e6
-92,11.29660154242883,43.259976834403844,17.6930440844371,1.3893540766908687e6
-93,11.345189991756103,43.281653551998936,17.614771188948,1.3928257983952253e6
-94,11.394411833098081,43.30345439648086,17.536198548093125,1.3963261495537534e6
-95,11.44427176378317,43.32537694136144,17.457336582140773,1.39985491120924e6
-96,11.494774482234511,43.34741877703876,17.378195574610817,1.4034118648277917e6
-97,11.54592468363074,43.36957751122568,17.298785671148913,1.406996792337483e6
-98,11.597727055640371,43.391850769358484,17.219116878528503,1.4106094761659554e6
-99,11.650186274235645,43.414236194985975,17.13919906377677,1.4142496992769588e6
-100,11.703306999590598,43.43673145013912,17.059041953421758,1.4179172452058492e6
-101,11.757081807786955,43.459334215681764,16.978655132855938,1.4216118980940396e6
-102,11.811494457244937,43.482042191642606,16.89804804581411,1.4253334427224293e6
-103,11.866584599691516,43.50485309752874,16.8172299939609,1.4290816645437998e6
-104,11.922358612710179,43.5277646726212,16.73621013658519,1.4328563497142047e6
-105,11.978822864083032,43.550774676252686,16.65499749039731,1.4366572851233461e6
-106,12.035983706467915,43.57388088806795,16.573600929426,1.4404842584239661e6
-107,12.093847472207088,43.59708110826715,16.492029185011305,1.4443370580602472e6
-108,12.152420468272007,43.6203731578324,16.41029084588985,1.4482154732952423e6
-109,12.211708971347647,43.64375487873816,16.328394358369792,1.4521192942373485e6
-110,12.27171922306086,43.66722413414544,16.24634802659063,1.4560483118658243e6
-111,12.332457425354693,43.690778808580646,16.16416001286618,1.4600023180553785e6
-112,12.3939297360124,43.71441680809886,16.08183833810585,1.4639811055998309e6
-113,12.456141799199662,43.73813606043256,15.99939088231209,1.4679844682348678e6
-114,12.519037992732688,43.76193451512562,15.916825385150092,1.4720122006598995e6
-115,12.582688981017773,43.785810143653265,15.834149446586292,1.4760640985590313e6
-116,12.64710331296087,43.809760939528246,15.751370527593961,1.4801399586211778e6
-117,12.712289490680817,43.833784918393626,15.668495950920583,1.4842395785593104e6
-118,12.778255963767528,43.85788011810249,15.585532901916114,1.4883627571288757e6
-119,12.845011123747208,43.8820445987851,15.502488429417737,1.4925092941453846e6
-120,12.912563298755217,43.90627644290369,15.419369446688659,1.496678990501195e6
-121,12.980920748416933,43.9305737552953,15.33618273240834,1.5008716481814953e6
-122,13.050091658937175,43.95493466320321,15.252934931710831,1.5050870702795165e6
-123,13.120084138397376,43.97935731629702,15.169632557269164,1.5093250610109742e6
-124,13.190906212260655,44.003839886681924,15.086281990422206,1.5135854257277623e6
-125,13.262565819082957,44.028380568897575,15.002889482342393,1.5178679709309174e6
-126,13.334985890182827,44.05297757990674,14.919461155241162,1.5221725042828633e6
-127,13.408259568410259,44.077629159074135,14.836003003609765,1.5264988346189505e6
-128,13.482401286629319,44.10233356813595,14.752520895493184,1.5308467719583116e6
-129,13.557422313524313,44.12708909116007,14.669020573794636,1.5352161275140462e6
-130,13.633333814235103,44.15189403449774,14.585507657608769,1.5396067137027453e6
-131,13.710146844871042,44.17674672672656,14.50198764358077,1.5440183441533784e6
-132,13.787872347294615,44.201645518585494,14.418465907289937,1.548450833715551e6
-133,13.866521144171958,44.226588782902056,14.334947704655105,1.5529039984671576e6
-134,13.94610393428648,44.25157491451192,14.251438173360219,1.5573776557214307e6
-135,14.026631288111533,44.27660233017143,14.167942334298255,1.5618716240334145e6
-136,14.108113643638603,44.301669468463146,14.084465093031088,1.5663857232058726e6
-137,14.190561302455706,44.32677478969491,14.001011241264468,1.5709197742946441e6
-138,14.273861664273882,44.35191677579239,13.9175854583352,1.5754735996134588e6
-139,14.358151198678897,44.377093930185865,13.834192312709757,1.580047022738237e6
-140,14.443446508583236,44.402304777691064,13.750836263492644,1.5846398685108765e6
-141,14.529762514373399,44.42754786438462,13.667521661942372,1.5892519630425475e6
-142,14.617113965164211,44.452821757474304,13.584252752994347,1.5938831337165076e6
-143,14.70551543377178,44.478125045164305,13.501033676788468,1.5985332091904497e6
-144,14.794981312005959,44.50345633651579,13.417868470201086,1.6032020193983985e6
-145,14.88552580627667,44.52881426130305,13.3347610683787,1.6078893955521688e6
-146,14.977162933505284,44.554197469865436,13.251715306273603,1.6125951701423936e6
-147,15.069906517335056,44.579604632955295,13.16873492017901,1.617319176939145e6
-148,15.163770184632126,44.60503444158214,13.0858235492635,1.6220612509921507e6
-149,15.2587673622705,44.6304856068534,13.002984737102802,1.6268212286306266e6
-150,15.354738147552823,44.65595685981168,12.920221933208895,1.631598947462729e6
-151,15.451869487191168,44.68144695126917,12.837538494554542,1.6363942463746518e6
-152,15.550188092044207,44.70695465163893,12.754937687092928,1.641206965529366e6
-153,15.649713897424325,44.732478750763576,12.672422687270958,1.6460369463650228e6
-154,15.750466577184856,44.75801805774152,12.589996583536092,1.6508840315930292e6
-155,15.852465539559661,44.783571400750795,12.507662377835398,1.6557480651958103e6
-156,15.9557299233624,44.809137626870815,12.425422987105954,1.66062889242426e6
-157,16.060278594534115,44.83471560190213,12.343281244756469,1.6655263597949033e6
-158,16.166130143029037,44.86030421018447,12.261239902139035,1.6704403150867755e6
-159,16.273302880027998,44.88590235441299,12.179301630010343,1.675370607338022e6
-160,16.38181483546872,44.91150895545336,12.097469019981979,1.680317086842245e6
-161,16.491683755882427,44.937122952155164,12.015744585959267,1.6852796051445904e6
-162,16.60271223497434,44.962743301164494,11.934130765567962,1.6902580150375953e6
-163,16.71508971491924,44.98836897673521,11.852629921568177,1.6952521705568004e6
-164,16.82889524255929,45.01399897053959,11.771244343255754,1.7002619269761408e6
-165,16.944155912787345,45.03963229147806,11.689976247849742,1.7052871408031222e6
-166,17.060898435684017,45.06526796548832,11.60882778186642,1.7103276697737898e6
-167,17.179149133696075,45.09090503535411,11.527801022479059,1.7153833728475012e6
-168,17.298933939205504,45.1165425605134,11.446897978862951,1.7204541102015113e6
-169,17.420278392474252,45.1421796168665,11.36612059352602,1.7255397432253798e6
-170,17.5432076399518,45.167815296583875,11.285470743624076,1.7306401345152014e6
-171,17.66774643293109,45.19344870791401,11.20495024226104,1.7357551478676777e6
-172,17.793919126540537,45.21907897499132,11.124560839773181,1.740884648274029e6
-173,17.921749679057378,45.24470523764411,11.044304224998172,1.7460285019137613e6
-174,18.05107947513183,45.270326651202964,10.96418202652771,1.7511865761482876e6
-175,18.181896359993875,45.29594238630929,10.884195813944471,1.756358739514421e6
-176,18.314463853807002,45.32155162872439,10.804347099042603,1.7615448617177354e6
-177,18.44881973184967,45.347153579139004,10.72463733703199,1.7667448136258074e6
-178,18.585001208763053,45.37274745298341,10.645067927726252,1.7719584672613482e6
-179,18.723044937706256,45.398332480238246,10.565640216713813,1.777185695795221e6
-180,18.862987009926833,45.42390790524594,10.4863554965129,1.7824263735393637e6
-181,19.004862954730424,45.4494729865231,10.4072150077097,1.7876803759396153e6
-182,19.148707739832137,45.47502699657356,10.328219940079862,1.7929475795684487e6
-183,19.294555772072734,45.50056922170253,10.249371433693504,1.7982278621176255e6
-184,19.442440898484094,45.52609896183157,10.170670580003378,1.8035211023907699e6
-185,19.592396407687158,45.55161553031475,10.092118422916666,1.8088271802958725e6
-186,19.744455031608183,45.577118253755685,10.013715959849835,1.8141459768377214e6
-187,19.89811678543893,45.602606471825936,9.935464142767295,1.819477374110277e6
-188,20.053852714493026,45.628079537084396,9.85736387920315,1.824821255288986e6
-189,20.211830938829827,45.65353681479802,9.77941603326699,1.8301775046230424e6
-190,20.372105199957886,45.67897768276374,9.701621426632721,1.8355460074276037e6
-191,20.534728416293504,45.70440153113174,9.623980839511411,1.840926650075958e6
-192,20.699752685728388,45.72980776223001,9.546495011608041,1.8463193199916563e6
-193,20.86722928861733,45.75519579039033,9.469164643061847,1.8517239056406082e6
-194,21.03720869116443,45.78056504177566,9.39199039537083,1.8571402965231442e6
-195,21.209740549188837,45.8059149542088,9.314972892300107,1.862568383166054e6
-196,21.38487371224908,45.83124497700284,9.238112720774982,1.8680080571145983e6
-197,21.562656228109578,45.85655457079274,9.16141043175778,1.8734592109245034e6
-198,21.743135347528877,45.88184320736863,9.084866541109557,1.8789217381539356e6
-199,21.926357529353435,45.9071103695106,9.008481530436237,1.884395533355465e6
-200,22.111411329528256,45.93235555082502,8.93225584791952,1.889880492068021e6
-201,22.299214029059854,45.95757825558245,8.856189909132729,1.895376510808837e6
-202,22.489967276319828,45.98277799855705,8.780284097841697,1.9008834870653918e6
-203,22.68375110338199,46.00795430486777,8.704538766790984,1.9064013192873562e6
-204,22.880644307604936,46.03310670982097,8.628954238474993,1.9119299068785333e6
-205,23.080724459402212,46.058234758754736,8.553530805895306,1.9174691501888083e6
-206,23.284067910429208,46.08333800688487,8.47826873330319,1.9230189505061053e6
-207,23.490749802160966,46.10841601915246,8.40316825692816,1.9285792100483517e6
-208,23.70084407483827,46.13346837007312,8.32822958569255,1.934149831955458e6
-209,23.914423476759367,46.158494643587915,8.253452901912326,1.9397307202813078e6
-210,24.13155957389584,46.18349443291591,8.178838361984232,1.9453217799857706e6
-211,24.352322759811937,46.20846734040838,8.104386097059383,1.9509229169267255e6
-212,24.576782265865614,46.2334129774048,8.030096213703988,1.9565340378521127e6
-213,24.80386280871732,46.258330964090284,7.955968794546469,1.9621550503920058e6
-214,25.034034190151296,46.283220929354925,7.8820038989121,1.9677858630507048e6
-215,25.268207251910322,46.308082510654685,7.808201563444572,1.9734263851988607e6
-216,25.50650856604601,46.332915353873965,7.734561802715385,1.979076527065627e6
-217,25.749062771305812,46.35771911318984,7.661084609820445,1.9847361997308396e6
-218,25.995992589549825,46.38249345093804,7.58776995696504,1.9904053151172274e6
-219,26.24741884256982,46.40723803748046,7.514617796036218,1.9960837859826596e6
-220,26.503460469278604,46.43195255107443,7.441628059163729,2.0017715259124208e6
-221,26.76423454324331,46.45663667774359,7.368800659269314,2.0074684493115298e6
-222,27.02985629053706,46.48129011115042,7.296135490604238,2.0131744713970884e6
-223,27.300439107880038,46.505912552470434,7.2236324292761545,2.0188895081906712e6
-224,27.57609458105038,46.530503710267936,7.151291333764104,2.024613476510754e6
-225,27.856932503536253,46.55506330037348,7.079112045423173,2.030346293965183e6
-226,28.14306089540865,46.57959104576293,7.007094388978339,2.0360878789436868e6
-227,28.43122984299853,46.60408667643807,6.935238173007423,2.041838150610424e6
-228,28.72464320451062,46.62854992930885,6.863543190414132,2.047597028896586e6
-229,29.023886953447064,46.65298054807728,6.792009218890488,2.0533644344930314e6
-230,29.32917464012326,46.67737828312277,6.7206360213695415,2.0591402888429754e6
-231,29.64071660946915,46.701742891389145,6.649423346467934,2.0649245141347167e6
-232,29.95872003378921,46.7260741362732,6.578370928919047,2.0707170332944163e6
-233,30.283388945844994,46.75037178751474,6.507478489996406,2.0765177699789235e6
-234,30.614924272223845,46.77463562108821,6.436745737927953,2.0823266485686472e6
-235,30.953523866962982,46.79886541909582,6.3661723683008296,2.088143594160473e6
-236,31.299382545394117,46.82306096966222,6.295758064457542,2.09396853256074e6
-237,31.65269211818165,46.84722206683061,6.225502497882898,2.0998013902782532e6
-238,32.01364142552312,46.87134851046032,6.155405328582392,2.105642094517355e6
-239,32.38241637148374,46.895440106126,6.0854662054522155,2.111490573171046e6
-240,32.759199958441016,46.91949666501807,6.01568476664055,2.117346754814152e6
-241,33.137874910370364,46.94351800384477,5.946060639901001,2.123210568696548e6
-242,33.523281085554935,46.96750394473554,5.876593442937573,2.1290819447364295e6
-243,33.91766250927304,46.99145431514587,5.807282783742211,2.134960813513636e6
-244,34.32142119595211,47.015368947763534,5.738128260924049,2.1408471062630294e6
-245,34.73495330089281,47.039247680416196,5.669129464031447,2.1467407548679216e6
-246,35.158649186792815,47.063090355980435,5.600285973866363,2.1526416918535563e6
-247,35.592893490406425,47.086896822292076,5.531597362791569,2.1585498503806423e6
-248,36.03806518929969,47.11066693205788,5.463063195030214,2.1644651642389405e6
-249,36.494537668650935,47.134400542768574,5.394683026959127,2.1703875678409026e6
-250,36.96267878806644,47.158097516613196,5.326456407394383,2.176316996215365e6
-251,37.442850948363045,47.181757720394764,5.2583828778708,2.182253385001295e6
-252,37.93541115828894,47.20538102544711,5.190461972914263,2.188196670441586e6
-253,38.440711101142156,47.22896730755319,5.122693220307884,2.1941467893769145e6
-254,38.95909720125671,47.252516446864455,5.055076141351605,2.2001036792396414e6
-255,39.4870427537299,47.27602832782159,4.98761025111568,2.2060672780477726e6
-256,40.011758993249686,47.29950283907641,4.9202950586879926,2.2120375243989727e6
-257,40.551290253838225,47.322939873415,4.853130067415348,2.218014357464623e6
-258,41.10652365862733,47.34633932768204,4.786114775138872,2.223997716983947e6
-259,41.67833388143962,47.3697011027063,4.719248674423745,2.229987543258175e6
-260,42.26758329700111,47.39302510322738,4.652531252783322,2.235983777144773e6
-261,42.87512213076168,47.41631123782345,4.585961992897602,2.2419863600517153e6
-262,43.501788608258494,47.439559418840304,4.519540372826315,2.247995233931816e6
-263,44.1484091039604,47.46276956232138,4.453265866216913,2.254010341277108e6
-264,44.815798289539195,47.48594158793903,4.387137942507195,2.2600316251132805e6
-265,45.50475928151243,47.50907541892677,4.321156067122824,2.266059028994161e6
-266,46.21608378820363,47.532170982012694,4.255319701670095,2.272092496996257e6
-267,46.95055225597592,47.55522820735389,4.1896283041236115,2.278131973713342e6
-268,47.70893401468864,47.578247028471935,4.124081329009385,2.284177404251101e6
-269,48.49198742233639,47.601227382189435,4.058678227583227,2.290228734221819e6
-270,49.29326773284277,47.62416920856765,3.993418448004452,2.2962859097391292e6
-271,50.057136312045536,47.64707245084494,3.9283014355053805,2.3023488774128025e6
-272,50.850027370260754,47.66993705537642,3.863326632556249,2.3084175843435996e6
-273,51.674435979829425,47.692762971574496,3.798493479026033,2.3144919781181593e6
-274,52.532823657043934,47.71555015185033,3.73380141233891,2.320572006803949e6
-275,53.42761878370187,47.73829855155639,3.6692498676268652,2.326657618944259e6
-276,54.36121702616694,47.76100812892981,3.6048382778780463,2.332748763553249e6
-277,55.33598175182544,47.78367884503675,3.540566074081488,2.3388453901110403e6
-278,56.354244442847765,47.806310663717646,3.476432685367733,2.3449474485588605e6
-279,57.418305107155035,47.82890355153339,3.412437539145971,2.3510548892942355e6
-280,58.530432686510906,47.851457477712344,3.3485800612373526,2.3571676631662296e6
-281,59.69286546165285,47.87397241409833,3.2848596760048663,2.3632857214707364e6
-282,60.90781145439386,47.89644833509933,3.2212758064795044,2.369409015945811e6
-283,62.17744882661596,47.91888521763724,3.1578278744832744,2.3755374987670556e6
-284,63.50392627609598,47.94128304109823,3.0945153007487893,2.381671122543053e6
-285,64.88936342910763,47.96364178728417,3.031337505035346,2.3878098403108376e6
-286,66.12816258510551,47.98596144036465,2.9682939062422316,2.3939536055314275e6
-287,67.23060631663925,48.008241986829965,2.9053839225187166,2.400102372085388e6
-288,68.41373750883052,48.03048341544483,2.8426069713707527,2.4062560942684505e6
-289,69.68916922775611,48.05268571720284,2.7799624697651173,2.4124147267871737e6
-290,71.06836565406938,48.07484888528175,2.717449834230508,2.4185782247546474e6
-291,72.56264399744518,48.0969729149995,2.655068480955436,2.424746543686246e6
-292,74.18317639523649,48.11905780377094,2.592817825884036,2.430919639495424e6
-293,75.94099179514302,48.14110355106537,2.530697284808458,2.4370974684895542e6
-294,77.84697782165426,48.1631101583647,2.4687062734590235,2.4432799873658093e6
-295,79.91188262608544,48.185077629122446,2.406844207591679,2.4494671532070907e6
-296,82.14631672002996,48.20700596872325,2.3451105030728647,2.4556589234779957e6
-297,84.56075479206123,48.2288951844433,2.2835045759620805,2.461855256020831e6
-298,87.16553750755979,48.25074528541123,2.2220258425917017,2.468056109051665e6
-299,89.97087329151032,48.27255628256984,2.160673719644856,2.4742614411564246e6
-300,92.98684009418986,48.294328188638374,2.09944762423056,2.4804712112870323e6
-301,96.22338713961085,48.316061018075516,2.03834697395707,2.4866853787575834e6
-302,99.69033665667557,48.337754787042954,1.9773711870025916,2.492903903240567e6
-303,103.39738559293762,48.359409513369584,1.9165196821841204,2.499126744763123e6
-304,107.35410731092871,48.381025216516456,1.8557918790240893,2.505353863703346e6
-305,111.56995326699868,48.402601917542086,1.7951871978149863,2.511585220786618e6
-306,116.05425467263841,48.42413963906861,1.7347050596819138,2.517820777081994e6
-307,120.81622413824341,48.445638405248374,1.6743448866433788,2.5240604939986127e6
-308,125.86495729933583,48.467098241731115,1.6141061016699179,2.5303043332821587e6
-309,131.2094344252062,48.48851917563182,1.5539881287410733,2.536552257011352e6
-310,136.858522010007,48.50990123549905,1.4939903929004124,2.542804227594483e6
-311,142.8209743462878,48.53124445128374,1.4341123203089177,2.54906020776598e6
-312,149.10543508102526,48.55254885430881,1.3743533382964601,2.5553201605830183e6
-313,155.7204387541329,48.57381447723897,1.3147128754118595,2.5615840494221607e6
-314,162.67441231955678,48.595041354051325,1.2551903614709206,2.5678518379760403e6
-315,169.97567664891517,48.61622952000634,1.1957852276033,2.574123490250075e6
-316,177.63244801783495,48.6373790116194,1.1364969062973511,2.580398970559218e6
-317,185.65283957494387,48.6584898666328,1.077324831443849,2.5866782435247498e6
-318,194.04486279366336,48.67956212398824,1.0182684383779625,2.592961274071093e6
-319,202.81642890683457,48.700595823799915,0.9593271639198446,2.5992480274226763e6
-320,211.97535032425895,48.7215910073279,0.9005004464138304,2.605538469100819e6
-321,221.52934203324293,48.74254771695213,0.8417877257662256,2.611832564920663e6
-322,231.48602298223454,48.763465996146834,0.7831884434817266,2.618130280988124e6
-323,241.85291744763106,48.78434588945532,0.7247020426985823,2.6244315836968906e6
-324,252.63745638388122,48.80518744246536,0.6663279682223711,2.6307364397254437e6
-325,263.8469787569373,48.82599070178489,0.6080656665586875,2.637044816034117e6
-326,275.4887328612436,48.8467557150182,0.549914585944323,2.643356679862186e6
-327,287.56987762023493,48.86748253074252,0.4918741763776808,2.649671998724991e6
-328,300.0974838706305,48.88817119848505,0.43394388964756697,2.6559907404110865e6
-329,313.07853563046933,48.90882176870037,0.37612317936122946,2.662312872979432e6
-330,326.5199313511562,48.929434292748304,0.3184115009709555,2.668638364756602e6
-331,340.4284851534767,48.95000882287212,0.2608083117999927,2.6749671843340346e6
-332,354.81092804788005,48.97054541217713,0.203313071067042,2.6812993005653103e6
-333,369.67390913901926,48.99104411460976,0.14592523990994913,2.687634682563454e6
-334,385.0239968147638,49.011504984936835,0.08864428140826183,2.6939732996982727e6
-335,400.8676799197257,49.0319280787254,0.03146966060501521,2.7003151215937235e6
